﻿{"cameraMode":{"drawMode":0,"name":"Shaded","section":"Shading Mode"},"sceneLighting":true,"audioPlay":false,"sceneViewState":{"showFog":true,"showMaterialUpdate":false,"showSkybox":true,"showFlares":true,"showImageEffects":true,"showParticleSystems":true},"in2DMode":false,"pivot":{"x":0.22136473655700684,"y":1.0863865613937379,"z":-0.38854265213012698},"rotation":{"x":0.0011618066346272827,"y":0.9960262775421143,"z":0.013138704001903534,"w":-0.08807838708162308},"size":10.091259956359864,"orthographic":false}